iteration;batch_number;stick_number;index_log;stick_weight;sugar_amount;iteration_since_maintenance;wait_time;cook_time;cooldown_time;start_temp;cook_temp;cooled_temp;duration_till_handover;duration_total;show_start_time;show_end_time;duration_cc_flow;diff_flow;diff_flow_stop;baseline_env_EnvH;baseline_env_EnvT;before_turn_on_env_InH;before_turn_on_env_InT;before_turn_on_env_IrO;before_turn_on_env_IrA;after_flow_start_env_InH;after_flow_start_env_InT;after_flow_start_env_IrO;after_flow_start_env_IrA;after_flow_end_env_InH;after_flow_end_env_InT;after_flow_end_env_IrO;after_flow_end_env_IrA;before_cooldown_env_InH;before_cooldown_env_InT;before_cooldown_env_IrO;before_cooldown_env_IrA;after_cooldown_env_InH;after_cooldown_env_InT;after_cooldown_env_IrO;after_cooldown_env_IrA;touch_pos1;touch_pos2;touch_pos3;max_pos1;max_pos2;max_pos3;cc_weight;quality_score;my_score;
0;0;0;61169;1.8;1;52;102.0;105.0;60.0;25.49;31.75;62.03;286.56;524.56;47:32;49:11;98.9;;;63.73;24.59;39.26;37.9;25.67;25.99;50.03;32.05;60.73;27.07;39.62;38.11;87.29;30.07;;;;;37.22;39.28;59.73;31.33;2;2;3;30.8;0.0;21.91;10.02;;60;
1;0;1;61177;1.8;1;53;102.0;105.0;60.0;58.89;60.63;64.65;289.77;478.86;54:58;55:51;53.71;;;62.78;24.65;37.33;39.2;59.01;31.41;39.26;37.9;65.47;31.07;35.94;40.66;77.81;31.51;33.09;42.7;83.27;31.45;34.42;41.36;62.35;31.09;4;1;3;23.54;7.08;2.46;8.48;;15;
2;0;2;61184;1.8;1;54;102.0;105.0;60.0;61.85;62.47;61.63;287.95;484.25;02:51;03:42;51.01;;;62.49;24.72;34.53;41.3;61.77;31.05;36.72;39.58;66.27;31.09;33.25;42.66;79.31;31.69;;;;;34.14;41.51;59.33;31.37;1;4;3;27.52;0.0;22.54;8.19;;10;
3;0;3;61191;1.8;1;55;102.0;105.0;60.0;58.63;60.55;76.97;292.07;438.94;11:04;12:07;62.88;;;62.44;24.72;34.24;41.45;58.45;31.29;36.89;39.47;66.15;31.15;31.62;44.17;80.85;32.23;32.01;43.53;77.57;31.91;32.04;43.49;74.67;31.87;5;4;6;32.47;30.77;19.16;8.2;;8;
4;1;0;61233;1.8;1;0;102.0;105.0;60.0;25.41;31.05;60.03;286.41;466.78;08:33;09:34;60.96;;;60.44;23.63;62.36;24.53;25.47;25.29;49.03;30.76;58.79;26.11;41.48;35.09;74.01;28.25;35.35;39.15;78.99;30.21;36.02;38.41;57.73;29.85;1;3;1;34.85;2.58;13.55;9.99;;80;
5;1;1;61240;1.8;1;1;94.0;95.0;60.0;59.27;58.51;62.61;278.77;540.23;15:03;15:39;35.2;;;60.35;23.8;36.1;38.34;58.15;29.91;38.22;36.79;61.63;30.07;36.12;38.6;69.87;30.03;;;;;33.57;40.39;60.31;30.95;7;2;15;22.04;3.88;6.38;9.0;;3;
6;1;2;61247;1.8;1;2;78.0;75.0;60.0;59.85;59.93;64.11;232.58;428.9;23:55;24:44;48.69;;;60.13;24.0;33.64;40.32;61.21;30.95;35.77;38.73;62.75;31.25;34.24;39.98;74.37;31.35;;;;;32.96;40.96;61.81;31.41;4;1;5;18.22;7.51;2.8;9.04;;10;
7;1;3;61254;1.8;1;3;54.0;45.0;60.0;60.25;61.75;63.67;181.31;426.19;31:06;32:09;63.3;;;60.18;24.08;33.03;40.94;60.77;31.41;35.25;39.2;63.25;31.47;32.37;41.7;76.21;31.89;32.13;41.94;77.71;31.71;32.81;41.21;61.37;31.53;5;1;13;28.39;10.24;22.8;9.59;;20;
8;1;4;61261;1.8;1;4;22.0;5.0;60.0;60.31;61.53;59.09;111.16;293.1;38:12;38:38;25.82;;;60.22;24.14;32.87;41.15;61.29;31.55;35.03;39.39;62.97;31.63;34.1;40.28;68.37;31.45;32.12;42.04;71.77;32.37;33.4;40.79;56.79;31.95;4;1;1;21.11;3.93;18.12;7.17;;50;
;;;;;;;;;;55.85;57.75;;;;;;;;;;;;;;;;;;;;;;;;;;;;;;;;;;;;;;;0;
10;2;0;61272;1.8;1;6;102.0;105.0;60.0;27.61;33.39;60.75;288.13;474.44;04:07;05:10;63.01;;;60.41;24.29;35.35;39.03;27.41;26.99;45.82;32.86;58.47;27.67;38.97;37.24;71.95;29.81;34.06;40.77;77.79;32.41;34.64;40.13;58.45;32.13;1;1;4;34.86;13.28;14.73;12.18;;60;
11;2;1;61279;1.8;1;7;94.0;95.0;60.0;57.87;58.05;64.17;276.37;472.5;10:52;11:50;58.07;;;60.8;24.36;34.71;40.07;58.29;32.07;37.07;38.3;62.85;31.83;32.95;41.87;76.23;32.07;31.98;42.62;80.75;32.51;32.45;41.98;61.87;32.35;6;1;3;12.89;46.57;7.55;9.33;;25;
12;2;2;61286;1.8;1;8;86.0;85.0;60.0;58.37;54.71;58.33;345.43;592.13;20:14;21:08;53.61;;;60.77;24.36;32.49;41.96;60.53;32.37;37.29;38.15;62.47;32.05;33.69;41.15;74.31;32.13;31.79;42.74;72.33;32.43;33.3;41.21;56.03;31.93;8;1;10;26.01;6.37;24.29;9.88;;35;
13;2;3;61293;1.8;1;9;78.0;75.0;60.0;56.51;57.11;82.45;238.43;420.24;28:41;29:39;58.04;;;60.83;24.4;33.37;41.13;55.41;31.91;35.89;39.22;62.71;31.57;33.03;41.72;74.13;31.83;32.03;42.59;80.09;32.69;32.04;42.64;80.15;32.69;10;1;14;16.33;19.07;24.24;9.68;;10;
14;3;0;61360;1.8;1;10;102.0;105.0;60.0;24.51;30.59;61.13;297.14;479.32;31:43;32:53;70.28;;;61.72;23.91;64.94;24.21;24.39;24.61;50.2;30.84;56.93;25.55;41.96;35.35;70.95;27.79;36.53;38.81;76.15;29.63;36.57;38.56;58.83;29.81;1.0;1.0;1.0;24.11;10.21;9.25;9.49;44.16;65;
;;;;;;;;;;55.55;59.43;;;;;;;;;;;;;;;;;;;;;;;;;;;;;;;;;;;;;;;15;
16;4;0;61373;1.8;1;12;50.0;50.0;60.0;31.75;39.31;58.59;188.25;458.43;59:43;00:27;44.73;;;63.35;23.27;50.66;29.4;31.75;28.45;45.66;32.52;57.73;26.99;40.87;35.49;66.53;27.61;36.3;38.64;76.15;31.31;36.92;37.96;56.29;31.07;5.0;1.0;7.0;17.71;1.95;32.25;5.54;18.94;30;
17;4;1;61383;1.8;1;13;55.0;55.0;60.0;53.31;58.57;60.57;200.33;445.73;06:23;07:14;51.21;;;63.08;23.36;37.11;37.9;55.75;31.05;38.86;36.6;61.67;30.59;35.75;39.03;70.43;30.65;34.52;39.85;73.83;31.33;35.44;39.05;58.27;31.01;4.0;1.0;7.0;37.48;9.37;12.08;9.37;48.55;20;
18;4;2;61390;1.8;1;14;60.0;60.0;60.0;58.43;58.89;62.27;208.95;471.62;13:49;14:30;40.51;;;63.23;23.29;35.61;38.85;57.99;31.01;37.83;37.24;62.19;30.67;34.1;40.41;72.41;30.51;33.0;41.15;78.83;31.13;33.93;40.19;59.97;31.15;6.0;1.0;8.0;28.49;16.99;9.06;8.98;44.27;15;
19;4;3;61400;1.8;1;15;65.0;65.0;60.0;63.45;60.45;62.47;222.14;445.62;21:37;22:16;38.27;;;63.12;23.29;34.08;40.11;59.23;31.21;36.44;38.24;62.19;30.99;34.78;39.62;70.41;30.81;32.69;41.41;74.77;30.81;33.44;40.73;60.17;30.47;3.0;1.0;5.0;33.31;11.72;2.04;10.95;;12;
20;4;4;61415;1.8;1;16;70.0;70.0;60.0;53.45;60.91;59.07;236.14;590.78;29:30;29:51;21.41;;;63.14;23.4;33.75;40.43;58.07;30.39;35.07;39.58;67.99;30.31;34.22;40.17;71.23;30.63;32.98;41.49;75.29;30.93;34.31;40.13;56.77;30.09;11.0;5.0;11.0;0.0;0.0;0.0;0.11;11.7;0;
21;4;5;61427;1.8;1;17;75.0;75.0;60.0;53.63;58.37;57.39;244.04;502.14;39:03;40:05;61.73;;;64.17;23.23;34.66;39.81;53.63;30.07;37.31;37.84;61.11;29.65;33.94;40.7;74.91;30.27;33.57;40.64;72.81;29.85;35.05;39.3;55.09;29.33;1.0;3.0;9.0;39.91;4.35;19.73;9.81;47.9;10;
22;4;6;61434;1.8;1;18;80.0;80.0;60.0;57.89;58.03;57.63;254.11;532.74;47:35;48:32;57.53;;;64.92;22.87;35.33;39.09;53.89;29.33;37.83;37.45;61.69;29.19;33.09;41.28;74.03;29.97;34.23;40.22;69.67;30.29;35.76;38.9;55.33;29.73;6.0;1.0;9.0;3.22;5.32;23.45;8.84;41.52;7;
23;5;0;62770;1.8;1;19;100.0;80.0;60.0;21.85;23.65;56.63;270.89;579.56;11:36;12:38;62.13;;;62.07;21.64;64.28;22.26;21.85;22.39;49.82;29.12;54.63;23.73;42.43;33.07;66.07;25.59;36.22;36.9;70.17;27.17;36.91;36.18;54.33;26.75;6.0;3.0;11.0;11.64;0.0;28.94;7.63;44.23;40;
24;5;1;62777;1.8;1;20;90.0;70.0;60.0;55.47;55.47;69.45;247.82;463.77;19:32;20:47;74.77;;;61.04;21.98;37.23;36.01;55.47;26.81;38.3;35.39;62.53;27.29;35.49;37.56;78.25;29.39;33.24;39.07;67.15;28.63;33.24;39.07;67.15;28.63;5.0;1.0;11.0;26.31;14.03;3.67;9.16;61.09;30;
25;5;2;62784;1.8;1;21;80.0;60.0;60.0;68.35;69.57;60.83;224.65;591.07;26:31;26:59;27.79;;;60.52;21.96;33.44;38.9;67.53;28.69;33.25;39.15;67.37;29.55;32.41;39.15;71.69;29.61;32.88;39.3;75.19;28.97;33.46;38.73;58.53;28.57;11.0;6.0;11.0;0.0;0.0;0.0;0.38;10.58;0;
26;5;3;62792;1.8;1;22;70.0;50.0;60.0;51.17;58.89;60.51;212.86;457.7;36:54;37:49;55.43;;;59.87;22.13;33.79;38.43;54.23;28.57;35.84;36.75;60.23;28.63;31.92;40.3;72.59;29.41;32.79;39.39;75.43;29.67;33.81;38.36;58.21;29.51;1.0;3.0;7.0;27.46;0.0;14.33;8.46;40.81;25;
27;5;4;62799;1.8;1;23;60.0;40.0;60.0;61.75;58.21;56.11;189.26;494.53;44:36;45:57;80.94;;;60.25;22.17;34.02;38.22;59.35;29.51;36.0;36.69;60.61;29.23;32.1;40.19;76.11;29.87;32.32;39.92;72.93;30.37;33.83;38.34;53.81;29.71;9.0;2.0;9.0;13.44;4.77;17.81;9.1;42.35;45;
28;5;5;62806;1.8;1;24;50.0;30.0;60.0;54.43;55.69;55.51;169.44;414.62;53:26;54:02;36.4;;;60.19;22.23;34.16;38.13;54.43;29.67;34.4;38.32;69.71;29.07;33.2;39.17;71.19;29.59;31.76;40.49;68.61;29.73;33.36;38.88;53.21;29.13;6.0;1.0;4.0;22.17;1.24;18.02;9.42;49.19;55;
29;5;6;62813;1.8;1;25;40.0;20.0;60.0;47.99;54.55;55.19;151.95;402.93;00:01;01:27;86.13;;;60.48;22.32;33.76;38.49;51.33;29.11;36.1;36.86;60.15;28.63;33.22;39.37;75.89;29.07;31.55;40.85;69.93;29.85;32.95;39.35;52.89;29.43;2.0;3.0;1.0;25.44;0.69;22.01;8.01;37.71;55;
30;5;7;62820;1.8;1;26;30.0;10.0;60.0;54.31;56.23;57.53;132.09;407.27;06:44;07:57;73.02;;;60.63;22.3;33.23;39.11;53.25;29.49;35.56;37.3;60.99;29.13;32.45;40.11;75.61;29.37;31.05;41.41;68.87;29.23;32.43;39.94;55.23;28.81;5.0;1.0;3.0;18.87;2.25;29.44;6.72;24.33;40;
31;5;8;62828;1.8;1;27;20.0;0.0;60.0;55.45;56.23;56.43;109.18;488.96;13:19;14:21;61.83;;;61.07;22.34;32.63;39.77;54.05;28.79;34.87;37.88;59.87;28.97;33.66;39.01;70.97;29.21;32.28;40.24;72.17;29.97;33.34;39.22;54.13;29.41;11.0;1.0;11.0;0.08;0.07;0.18;0.92;9.26;5;
;;;;;;;;;;25.63;31.19;;;;;;;;;;;;;;;;;;;;;;;;;;;;;;;;;;;;;;;0;
;;;;;;;;;;71.39;73.57;;;;;;;;;;;;;;;;;;;;;;;;;;;;;;;;;;;;;;;0;
34;7;0;62856;1.8;1;31;100.0;90.0;60.0;54.67;49.49;62.67;283.77;618.32;17:55;19:40;105.61;;;63.09;23.14;39.32;36.71;54.09;28.85;36.13;39.26;69.77;29.53;33.44;41.36;70.63;31.47;34.23;40.6;77.07;30.49;34.37;40.34;60.37;30.51;7.0;1.0;11.0;29.31;10.94;21.54;9.58;63.14;35;
35;7;1;62864;1.8;1;32;95.0;85.0;60.0;53.71;59.61;55.75;276.5;604.1;26:52;28:56;123.94;;;63.37;23.08;34.69;39.98;53.71;30.55;36.85;38.28;61.57;30.51;33.52;41.19;73.39;32.11;33.63;41.24;68.33;30.89;35.2;39.71;53.45;30.51;2.0;1.0;11.0;45.46;12.09;6.6;9.59;63.52;25;
36;7;2;62872;1.8;1;33;90.0;80.0;60.0;56.49;57.87;61.11;271.29;665.72;37:17;41:36;258.32;;;63.39;23.53;35.6;39.35;56.49;30.71;37.9;37.73;60.37;30.13;33.28;41.47;73.15;31.13;33.82;41.21;74.55;30.77;34.32;40.6;58.81;30.79;4.0;1.0;11.0;44.29;14.11;20.49;9.02;64.58;25;
37;7;3;62881;1.8;1;34;85.0;75.0;60.0;61.79;60.99;56.73;257.56;479.78;48:44;50:55;130.76;;;62.65;23.59;34.38;40.53;61.79;30.83;34.47;40.58;70.19;30.71;32.7;41.94;73.77;32.59;33.3;41.26;69.87;30.89;34.54;40.05;54.43;30.25;1.0;1.0;3.0;20.99;11.37;0.24;8.89;43.43;35;
38;8;0;63021;1.9;1;35;102.0;100.0;60.0;25.05;31.43;58.93;293.43;532.92;32:03;33:50;106.16;;;60.14;24.12;63.37;24.55;25.05;25.33;47.52;31.84;56.97;26.41;37.52;38.28;76.07;29.99;34.89;39.92;72.25;30.59;35.31;39.37;56.63;30.57;8.0;1.0;8.0;6.95;15.33;31.85;7.68;33.7;50;
39;8;1;63029;1.9;1;36;60.0;70.0;60.0;56.47;52.43;60.07;1247.18;1513.68;57:33;59:02;89.51;;;58.0;24.46;35.38;39.32;57.35;30.55;44.76;33.22;59.53;28.05;37.56;38.15;74.25;29.73;32.64;41.87;72.03;32.07;33.18;41.21;57.77;31.95;8.0;3.0;8.0;10.3;0.0;29.51;8.04;37.38;6;
40;8;2;63037;1.9;1;37;60.0;70.0;60.0;56.93;57.59;61.63;214.96;445.55;04:44;06:21;96.81;;;57.7;24.61;33.24;41.13;57.61;31.89;35.37;39.32;62.19;31.85;32.23;42.28;77.97;32.43;32.49;41.91;75.73;31.77;32.99;41.21;59.33;31.47;4.0;4.0;8.0;16.8;0.0;10.25;6.24;22.59;30;
41;8;3;63044;1.9;1;38;60.0;70.0;60.0;58.03;59.31;62.19;217.34;453.78;12:06;13:59;112.5;;;57.38;24.7;33.12;41.15;58.73;31.49;35.08;39.47;62.69;31.47;31.96;42.36;76.71;32.33;32.2;42.0;77.47;31.57;32.63;41.45;59.89;31.51;4.0;3.0;10.0;11.38;0.0;19.61;4.51;17.77;25;
42;8;4;63052;1.9;1;39;60.0;70.0;60.0;60.57;60.29;61.71;211.05;431.5;19:34;21:38;124.34;;;57.32;24.78;32.68;41.41;61.63;31.47;34.45;39.77;63.37;31.65;31.48;42.45;69.05;32.39;31.82;41.98;75.63;31.41;32.31;41.47;59.41;31.27;4.0;4.0;6.0;18.05;0.0;5.72;5.86;22.59;20;
43;8;5;63060;1.9;1;40;60.0;70.0;60.0;58.95;60.23;60.07;215.04;422.35;26:50;28:19;89.04;;;57.32;24.59;32.37;41.41;59.05;31.25;34.18;39.68;62.35;31.43;31.55;42.36;78.51;32.23;31.51;42.19;72.13;31.47;32.42;41.24;57.77;31.09;3.0;4.0;4.0;16.96;0.0;24.87;6.88;27.66;20;
44;9;0;63107;1.9;1;41;102.0;100.0;60.0;26.53;31.41;60.79;287.01;567.8;55:10;57:17;126.41;;;57.06;24.59;42.94;32.95;26.27;26.73;48.83;32.8;57.29;27.89;38.57;39.35;77.93;31.57;36.05;40.85;75.47;32.63;36.09;40.68;58.49;32.09;10.0;1.0;11.0;8.27;0.04;29.66;7.08;34.11;45;
45;9;1;63114;1.9;1;42;30.0;80.0;60.0;58.65;58.87;57.85;194.2;408.87;03:14;04:58;103.35;;;60.4;25.71;36.18;40.62;59.25;32.01;38.39;39.05;62.99;32.17;35.21;41.75;77.93;32.99;34.65;41.98;68.65;32.79;36.05;40.7;55.55;32.23;4.0;3.0;4.0;24.93;0.0;30.51;7.78;42.49;70;
46;9;2;63121;1.9;1;43;30.0;80.0;60.0;54.87;56.63;64.09;195.68;460.03;10:06;12:05;118.98;;;60.41;25.76;36.12;40.64;55.97;32.15;38.5;38.98;61.91;32.19;34.6;42.32;75.97;32.93;33.04;43.6;76.67;33.33;33.27;43.3;61.79;33.19;10.0;1.0;8.0;13.95;0.34;35.43;7.67;32.93;60;
47;9;3;63128;1.9;1;44;30.0;80.0;60.0;58.27;60.75;62.27;193.51;426.7;17:34;19:38;124.52;;;60.98;25.69;33.35;43.24;62.25;33.23;35.65;41.28;63.37;33.33;34.42;42.47;69.69;33.89;35.25;41.66;74.43;33.81;35.98;41.0;59.97;33.65;6.0;1.0;5.0;24.17;0.0;33.55;7.3;36.01;40;
48;9;4;63135;1.9;1;45;30.0;80.0;60.0;58.77;60.19;59.95;195.85;421.61;24:53;26:43;109.69;;;61.18;25.73;36.05;40.94;59.09;33.67;38.03;39.58;64.65;33.13;35.62;41.66;75.69;33.79;35.56;41.7;71.47;33.25;36.26;40.94;57.65;33.23;5.0;4.0;2.0;24.06;0.0;19.63;8.5;46.97;60;
49;9;5;63142;1.9;1;46;30.0;80.0;60.0;56.87;58.55;62.01;193.41;447.52;31:53;33:52;119.17;;;61.65;25.8;36.33;40.92;58.63;33.15;38.49;39.37;64.47;32.73;36.13;41.28;73.71;33.57;35.77;41.45;75.57;33.49;36.25;40.96;59.71;33.13;6.0;4.0;5.0;23.44;5.65;35.01;8.89;52.25;40;
50;9;6;63149;1.9;1;47;30.0;80.0;60.0;57.45;59.77;59.21;194.06;476.86;39:14;41:20;126.42;;;61.89;25.78;36.29;40.92;58.27;33.13;38.52;39.32;63.75;32.93;34.83;42.41;69.51;33.43;33.46;43.45;75.05;33.67;34.66;42.22;56.91;33.23;8.0;2.0;11.0;23.6;0.0;36.8;9.1;61.56;40;
51;9;7;63156;1.9;1;48;30.0;80.0;60.0;56.29;59.03;61.05;193.8;436.08;47:22;49:12;110.04;;;61.87;25.73;34.74;42.15;56.17;33.23;37.53;39.94;64.67;32.87;35.94;41.34;76.05;33.81;35.89;41.28;73.23;33.59;36.43;40.75;58.75;33.43;6.0;1.0;7.0;29.36;12.12;36.95;9.08;49.43;45;
52;9;8;63163;1.9;1;49;30.0;80.0;60.0;59.37;59.43;63.19;196.45;445.06;54:29;56:27;117.38;;;61.96;25.69;36.46;40.68;59.21;33.41;38.62;39.13;63.47;33.05;36.01;41.36;73.99;33.85;35.55;41.53;76.45;33.87;35.87;41.17;60.89;33.63;8.0;1.0;7.0;18.7;0.26;52.64;8.5;43.2;50;
53;9;9;63170;1.9;1;50;30.0;80.0;60.0;60.73;61.51;61.17;197.99;471.1;01:52;03:52;119.61;;;61.98;25.71;35.92;41.15;61.37;33.63;38.01;39.6;64.35;33.29;35.2;41.94;71.77;33.57;33.74;43.13;77.17;33.77;34.49;42.3;58.87;33.51;10.0;1.0;11.0;12.86;1.81;42.53;8.52;53.54;40;
54;9;10;63177;1.9;1;51;30.0;80.0;60.0;59.33;59.77;60.59;196.12;465.78;09:57;11:41;103.45;;;61.92;25.69;34.55;42.28;57.97;33.47;36.8;40.51;65.39;33.03;34.98;42.15;73.63;33.71;33.47;43.34;78.25;33.77;34.23;42.55;58.29;33.33;7.0;4.0;11.0;11.89;0.0;36.28;7.37;45.57;30;
55;10;0;63285;1.9;1;0;102.0;100.0;60.0;25.07;25.13;67.79;388.69;616.52;14:49;15:50;60.46;;;66.08;24.67;0.0;-45.0;25.17;25.73;56.57;31.44;69.23;26.37;48.48;35.48;83.75;27.59;41.33;39.05;84.15;29.77;42.73;37.58;65.49;29.73;6.0;2.0;7.0;18.22;7.02;47.38;8.83;48.37;65;
56;10;1;63292;1.9;1;1;30.0;80.0;60.0;62.77;65.49;76.97;195.89;463.71;22:05;22:56;52.16;;;66.55;25.08;42.86;37.56;64.39;29.75;44.23;36.75;75.79;29.33;41.95;38.45;85.93;29.53;38.42;40.81;95.51;29.65;38.88;40.19;74.67;29.81;1.0;3.0;3.0;31.89;1.08;15.48;8.4;43.73;65;
57;10;2;63301;1.9;1;2;30.0;80.0;60.0;73.95;73.11;76.39;196.41;422.93;29:35;30:36;60.88;;;66.48;25.12;38.96;40.17;75.47;29.85;40.92;38.75;77.35;30.27;38.9;40.43;91.99;30.43;37.9;41.07;94.01;30.23;38.36;40.51;74.09;30.21;2.0;1.0;11.0;29.62;7.29;27.29;8.14;52.43;50;
58;10;3;63308;1.9;1;3;30.0;80.0;60.0;71.91;72.43;74.91;195.67;412.67;36:35;37:36;60.84;;;66.3;25.25;38.44;40.49;74.13;30.25;40.43;39.05;75.19;30.71;38.59;40.66;90.73;30.39;37.39;41.47;91.85;30.39;38.12;40.7;72.61;30.09;2.0;1.0;10.0;27.89;10.46;26.51;8.57;42.95;60;
59;10;4;63315;1.9;1;4;30.0;80.0;60.0;72.81;71.81;69.43;193.05;483.93;43:31;44:32;60.84;;;65.78;25.48;38.19;40.64;72.07;30.13;40.41;39.09;76.33;30.59;37.4;41.51;86.45;30.95;37.16;41.64;85.85;30.91;38.81;40.13;67.13;30.51;11.0;1.0;11.0;9.43;20.45;33.7;8.4;49.63;30;
60;10;5;63322;1.9;1;5;30.0;80.0;60.0;69.03;67.23;73.35;193.43;423.16;51:47;52:33;46.56;;;66.27;25.4;38.91;40.05;65.77;30.49;41.17;38.6;75.49;30.43;39.74;39.81;85.97;30.31;36.79;42.02;89.89;30.99;37.58;41.21;71.05;30.93;7.0;5.0;4.0;27.89;0.02;38.41;7.53;41.29;45;
61;10;6;63329;1.9;1;6;30.0;80.0;60.0;69.19;71.25;76.39;193.87;440.0;58:41;59:47;65.15;;;66.09;25.52;37.66;41.19;70.53;30.93;40.03;39.45;76.21;31.13;38.31;40.89;90.95;30.81;37.99;41.04;94.79;31.37;38.38;40.6;74.09;31.35;5.0;3.0;11.0;24.44;0.02;39.89;8.37;61.02;55;
62;10;7;63336;1.9;1;7;30.0;80.0;60.0;72.89;74.27;76.99;197.23;439.34;05:58;07:16;78.44;;;65.72;25.58;38.44;40.55;74.69;31.37;40.25;39.28;76.33;31.53;38.22;41.0;93.77;31.11;37.94;41.07;95.41;31.85;38.44;40.51;74.69;31.65;8.0;2.0;8.0;27.56;0.0;27.48;7.87;37.64;60;
63;10;8;63343;1.9;1;8;30.0;80.0;60.0;76.57;73.83;76.23;196.97;433.79;13:19;14:14;54.89;;;65.91;25.61;38.51;40.47;74.85;31.63;40.34;39.17;76.51;31.89;39.16;40.28;89.21;31.53;38.39;40.75;94.01;31.75;38.85;40.28;73.93;31.59;7.0;2.0;8.0;7.86;0.0;21.67;8.28;40.06;40;
64;10;9;63350;1.9;1;9;30.0;80.0;60.0;70.77;73.45;71.67;196.74;417.46;20:32;21:25;52.2;;;65.73;25.69;38.92;40.22;73.29;31.57;40.71;38.98;77.25;31.59;39.4;40.09;90.29;31.15;37.69;41.3;87.19;31.55;38.73;40.37;69.37;31.41;7.0;1.0;6.0;24.3;6.34;42.86;8.42;45.27;45;
65;11;0;63358;1.9;1;10;82.0;60.0;60.0;41.27;45.27;75.19;225.0;437.7;54:28;55:28;60.72;;;65.07;26.01;59.09;28.74;41.31;29.17;52.12;33.48;70.07;28.27;45.61;36.98;84.83;29.17;38.87;41.24;97.29;31.21;38.27;41.3;72.89;31.33;4.0;4.0;3.0;29.88;1.4;35.68;8.87;53.39;65;
66;11;1;63365;1.9;1;11;20.0;40.0;60.0;72.57;70.89;76.73;140.43;439.99;00:40;01:50;70.15;;;65.27;25.95;38.29;41.26;71.39;31.35;40.3;39.62;75.03;31.75;38.83;40.98;90.05;31.19;37.36;41.89;94.15;31.87;37.46;41.66;74.43;31.97;2.0;5.0;1.0;28.55;0.0;19.41;7.52;37.42;45;
67;11;2;63374;1.9;1;12;20.0;40.0;60.0;71.91;73.89;69.61;144.8;382.09;08:02;09:05;63.23;;;65.25;26.03;37.5;41.62;72.93;31.99;39.57;40.11;75.99;32.27;38.27;41.24;89.41;31.53;34.82;44.04;89.75;32.29;36.29;42.47;67.31;31.77;6.0;5.0;4.0;23.51;0.0;42.18;7.8;44.86;60;
68;11;3;63381;1.9;1;13;20.0;40.0;60.0;66.83;68.31;68.95;146.62;415.05;14:38;15:41;62.93;;;65.1;26.14;36.38;42.41;66.31;31.77;39.49;40.05;76.35;31.69;38.35;41.19;89.13;31.29;35.87;43.15;87.17;31.71;37.23;41.79;66.65;31.15;8.0;1.0;11.0;6.86;0.0;31.08;6.15;24.17;40;
69;11;4;63388;1.9;1;14;20.0;40.0;60.0;66.35;67.63;75.89;146.31;423.31;21:36;22:24;48.85;;;65.33;26.12;37.32;41.72;66.39;31.13;39.89;39.81;76.13;31.43;39.0;40.73;85.71;31.09;33.29;45.7;91.65;32.83;33.23;45.49;73.59;32.65;11.0;1.0;11.0;0.24;0.0;56.02;7.95;43.87;70;
70;11;5;63395;1.9;1;15;20.0;40.0;60.0;71.81;63.13;75.07;236.8;512.48;30:07;31:12;65.22;;;65.48;26.12;33.28;45.42;73.09;32.65;39.33;40.28;76.89;32.83;37.95;41.57;92.53;31.79;36.19;42.83;90.43;32.21;36.77;42.23;72.77;32.15;8.0;1.0;11.0;14.63;12.22;30.0;6.83;29.93;50;
71;11;6;63402;1.9;1;16;20.0;40.0;60.0;70.17;72.59;69.93;144.19;378.12;37:00;37:49;49.18;;;65.62;26.1;36.85;42.19;71.75;32.17;39.06;40.53;76.53;32.41;38.34;41.28;86.89;31.91;35.69;43.45;90.55;32.57;36.6;42.47;67.63;32.17;7.0;1.0;1.0;61.71;;;7.77;44.05;40;
72;11;7;63413;1.9;1;17;20.0;40.0;60.0;64.31;68.39;72.83;144.29;374.16;43:25;44:22;56.28;;;65.51;26.2;36.67;42.41;68.19;32.19;39.27;40.45;76.65;32.31;38.07;41.55;88.75;31.83;34.55;44.59;92.19;32.77;34.59;44.34;70.53;32.55;10.0;3.0;1.0;;;;7.28;40.18;40;
73;11;8;63420;1.9;1;18;20.0;40.0;60.0;69.81;69.81;70.77;143.75;397.08;49:39;50:24;44.58;;;65.77;26.2;34.64;44.27;69.97;32.57;37.22;42.04;77.05;32.63;36.74;42.55;86.95;32.17;33.81;45.23;88.03;32.95;34.38;44.47;68.47;32.77;8.0;5.0;7.0;15.36;0.0;27.96;8.05;41.99;50;
74;11;9;63427;1.9;1;19;20.0;40.0;60.0;66.83;70.09;72.53;145.66;374.13;56:18;57:10;51.95;;;65.98;26.18;34.45;44.42;70.03;32.75;37.3;42.0;77.39;32.85;36.84;42.45;88.41;32.27;33.89;45.25;93.53;33.15;34.29;44.68;70.23;33.03;7.0;2.0;4.0;23.72;0.0;27.1;8.43;46.42;60;
75;12;0;63435;1.9;1;20;70.0;70.0;60.0;51.69;55.29;75.31;222.17;564.14;12:56;14:11;74.99;;;66.27;26.14;47.08;34.43;51.59;33.39;48.23;35.28;72.39;30.29;42.54;39.01;93.53;30.77;38.12;41.62;93.83;32.01;38.53;41.11;73.01;31.91;7.0;5.0;6.0;40.36;0.0;52.99;8.36;49.6;60;
76;12;1;63442;1.9;1;21;27.0;62.0;70.0;75.85;72.41;72.19;173.22;450.25;21:41;23:13;91.46;;;65.84;26.18;38.6;41.07;72.05;31.93;40.76;39.51;76.81;32.35;37.89;41.83;95.53;32.07;36.7;42.7;97.61;32.49;37.42;41.87;69.89;32.13;1.0;2.0;2.0;28.35;0.0;18.91;7.87;38.71;55;
77;12;2;63449;1.9;1;22;29.0;64.0;80.0;68.01;69.77;73.25;184.45;464.84;29:20;30:28;68.12;;;65.81;26.24;37.49;41.83;70.17;32.09;40.29;39.75;75.59;32.27;38.53;41.3;92.09;31.91;36.78;42.62;97.39;32.77;37.4;41.91;70.95;32.61;5.0;4.0;3.0;28.12;0.0;23.82;8.52;50.57;70;
78;12;3;63456;1.9;1;23;31.0;66.0;90.0;69.43;71.13;67.19;179.71;441.41;37:03;37:59;56.3;;;65.89;26.23;37.46;41.85;70.63;32.59;39.85;40.11;76.19;32.55;38.6;41.24;89.83;31.99;36.79;42.59;90.43;32.83;37.88;41.55;64.89;32.27;7.0;3.0;6.0;22.49;0.0;53.18;8.46;48.05;70;
79;12;4;63463;1.9;1;24;33.0;68.0;100.0;64.39;67.43;64.89;189.53;457.63;44:37;45:57;80.09;;;65.95;26.2;37.94;41.47;65.13;32.29;40.38;39.77;75.49;32.11;38.75;41.15;93.43;32.09;36.46;42.93;90.77;32.43;38.14;41.34;62.59;32.01;4.0;4.0;7.0;31.7;0.0;49.03;8.7;53.18;65;
80;12;5;63470;1.9;1;25;35.0;70.0;110.0;60.27;65.45;59.59;187.59;450.34;52:17;53:21;63.46;;;66.09;26.24;38.22;41.28;63.09;31.97;40.44;39.81;75.41;31.71;39.1;40.89;89.93;31.75;36.32;43.13;87.23;32.93;39.08;40.51;57.29;32.01;4.0;1.0;6.0;30.65;0.02;32.19;8.23;46.27;62;
81;12;6;63477;1.9;1;26;37.0;72.0;120.0;57.09;60.69;59.67;195.84;483.01;00:01;01:06;65.12;;;65.83;26.27;39.2;40.45;56.77;31.97;41.41;39.13;75.15;31.51;39.64;40.62;89.51;31.63;35.98;43.43;87.07;32.83;38.42;41.09;57.37;31.91;5.0;5.0;5.0;28.19;0.02;47.56;9.52;59.74;70;
82;12;7;63484;1.9;1;27;39.0;74.0;130.0;56.75;51.33;58.45;288.58;568.96;09:37;10:52;75.13;;;65.98;26.29;38.49;41.02;56.35;31.91;43.38;37.86;74.61;31.15;40.77;39.83;90.21;31.35;38.38;41.55;94.01;32.43;40.06;39.85;56.15;31.87;2.0;4.0;4.0;36.75;3.44;31.32;9.54;57.34;75;
83;12;8;63494;1.9;1;28;41.0;76.0;140.0;57.29;59.09;56.43;200.7;490.72;17:35;18:47;71.88;;;65.91;26.29;40.13;39.83;56.21;31.85;42.2;38.58;75.19;31.25;40.33;40.07;91.35;31.49;37.18;42.49;92.73;32.79;40.12;39.77;54.13;31.87;7.0;1.0;3.0;22.36;0.0;27.82;9.86;52.35;75;
84;12;9;63507;1.9;1;29;43.0;78.0;150.0;53.41;58.95;56.19;208.36;540.18;25:52;26:43;51.82;;;65.93;26.29;40.22;39.71;53.59;31.87;42.48;38.36;75.07;31.15;40.77;39.75;86.81;31.31;37.2;42.36;89.25;32.87;40.76;39.22;53.89;31.83;10.0;1.0;7.0;24.73;3.68;73.09;10.62;50.65;65;
85;12;10;63515;1.9;1;30;45.0;80.0;160.0;53.05;57.55;55.35;213.48;565.42;34:50;36:07;77.49;;;66.0;26.27;40.87;39.13;52.85;31.75;43.44;37.73;74.59;31.13;41.07;39.51;92.43;31.49;38.16;41.68;92.07;32.73;41.15;38.98;53.05;31.65;11.0;1.0;8.0;10.31;15.44;44.97;11.07;63.52;60;
86;13;0;63525;1.9;1;31;70.0;70.0;140.0;30.29;37.03;55.83;223.88;588.25;35:59;37:10;70.47;;;65.23;25.8;61.19;27.95;30.37;27.91;53.44;32.99;69.37;28.07;44.22;38.18;86.43;29.17;38.12;41.49;90.07;30.95;41.81;38.03;53.53;30.67;10.0;5.0;9.0;16.33;0.0;39.49;7.11;34.09;55;
87;13;1;63532;1.9;1;32;52.0;80.0;130.0;54.75;57.09;59.73;216.73;535.22;45:03;46:14;70.33;;;65.13;26.03;41.96;37.96;53.09;30.73;43.46;37.37;73.01;30.47;39.7;40.26;90.27;30.79;35.46;43.38;94.01;31.69;38.41;40.51;57.43;30.93;7.0;3.0;10.0;24.75;0.0;38.38;8.15;42.93;70;
88;13;2;63539;1.9;1;33;48.0;76.0;120.0;57.13;59.45;62.61;209.69;619.29;53:54;55:07;72.37;;;65.52;25.91;38.53;40.45;58.77;30.93;41.18;38.75;74.69;30.87;38.43;41.09;93.85;31.41;34.15;44.47;96.43;31.95;37.33;41.32;60.31;31.09;8.0;5.0;2.0;5.12;0.05;0.52;7.81;38.34;60;
89;13;3;63549;1.9;1;34;44.0;72.0;110.0;61.79;62.63;63.95;200.51;497.91;04:07;05:12;65.21;;;65.58;25.95;37.45;41.21;60.47;31.07;40.36;39.3;74.49;31.01;38.55;40.81;90.75;31.43;37.41;41.66;93.65;31.97;39.61;39.68;61.65;31.27;8.0;2.0;9.0;24.65;0.08;46.07;8.05;41.58;55;
90;13;4;63556;1.9;1;35;40.0;68.0;100.0;61.47;63.45;66.83;193.92;498.72;12:25;13:10;44.55;;;65.62;25.95;39.72;39.62;62.99;31.25;41.61;38.49;75.37;30.83;39.76;40.05;86.55;31.03;36.65;42.32;96.53;31.19;38.24;40.73;64.53;30.77;8.0;5.0;11.0;10.02;0.0;48.91;8.91;66.79;66;
91;13;5;63563;1.9;1;36;36.0;64.0;90.0;65.39;65.21;66.09;184.36;500.68;20:40;21:45;65.49;;;65.64;25.95;38.35;40.68;63.85;30.73;40.32;39.47;76.07;30.85;38.76;40.7;92.71;31.23;35.79;43.08;94.53;32.07;37.42;41.41;63.79;31.43;11.0;5.0;11.0;10.0;0.05;61.53;9.15;64.0;70;
92;13;6;63570;1.9;1;37;32.0;60.0;80.0;63.69;65.25;67.49;174.6;433.23;29:02;30:06;63.42;;;65.73;25.93;37.52;41.32;62.21;31.37;40.56;39.22;75.39;31.27;38.69;40.92;89.17;31.45;35.71;43.13;87.33;31.79;37.13;41.7;65.19;31.29;4.0;6.0;8.0;22.79;0.0;47.24;9.07;53.78;70;
93;13;7;63577;1.9;1;38;28.0;56.0;70.0;67.71;65.53;72.39;165.4;443.82;36:10;37:19;69.95;;;65.8;25.95;37.22;41.62;64.45;31.27;39.4;39.9;64.57;32.01;38.09;41.28;90.17;31.59;36.79;42.17;90.59;32.15;37.49;41.51;70.09;31.85;11.0;1.0;10.0;0.55;0.0;62.64;7.77;47.78;70;
;;;;;;;;;;69.83;66.31;;;;;;;;;;;;;;;;;;;;;;;;;;;;;;;;;;;;;;;0;
95;13;9;63585;1.9;1;40;20.0;48.0;50.0;42.11;49.11;72.87;152.61;448.23;53:49;55:20;91.1;;;66.06;25.91;35.93;43.0;42.61;29.63;46.57;35.62;74.89;29.75;39.69;40.47;94.05;31.19;37.69;41.68;85.75;32.19;38.36;41.0;70.57;31.87;2.0;9.0;2.0;0.0;0.09;1164.0;0.0;19.04;0;
96;13;10;63592;1.9;1;41;16.0;44.0;40.0;68.97;71.61;75.57;149.24;358.45;00:20;01:23;63.31;;;66.1;25.93;38.42;40.94;70.41;31.89;40.85;39.11;75.63;31.99;39.01;40.7;90.47;31.63;36.82;42.41;90.61;32.33;37.17;41.96;73.27;32.21;4.0;5.0;5.0;25.19;0.0;33.17;8.03;49.56;55;
97;14;0;64433;1.9;1;42;30.0;70.0;108.0;31.33;33.49;56.03;423.15;706.12;39:17;40:16;63.69;;;70.27;23.8;49.11;33.59;31.57;26.29;55.24;31.73;71.43;27.49;48.29;35.16;84.63;27.67;42.1;38.36;84.49;28.89;45.88;35.26;53.73;28.17;5.0;6.0;5.0;31.25;0.02;40.04;8.54;53.43;50;
98;14;1;64440;1.9;1;43;52.0;67.0;134.0;52.93;58.15;57.21;213.2;482.22;47:20;48:32;71.62;;;70.11;23.89;46.0;35.16;53.01;28.13;47.23;34.92;71.21;28.05;42.11;38.39;86.67;28.53;40.4;39.35;94.81;29.51;44.07;36.24;54.91;28.69;3.0;3.0;2.0;33.89;0.0;35.98;9.59;55.81;55;
99;14;2;64447;1.9;1;44;50.0;68.0;117.0;52.29;58.89;56.09;216.38;494.63;55:22;56:35;73.49;;;70.0;23.93;44.2;36.18;55.89;28.71;46.08;35.39;71.87;28.47;42.24;38.05;87.55;28.99;39.84;39.66;83.67;29.87;44.17;36.18;53.79;28.73;5.0;3.0;5.0;28.03;0.0;36.61;8.92;55.85;45;
100;14;3;64454;1.9;1;45;48.0;69.0;130.0;54.15;60.13;56.61;212.15;471.98;03:35;05:00;75.51;;;70.0;24.08;44.29;36.11;54.99;28.75;45.87;35.6;72.11;28.63;41.36;38.77;91.81;29.23;39.82;39.73;93.53;29.87;43.68;36.5;54.31;28.87;2.0;1.0;4.0;23.01;1.78;27.8;8.54;48.5;40;
101;14;4;64461;1.9;1;46;46.0;70.0;119.0;53.65;58.71;55.71;206.83;490.62;11:27;12:31;63.71;;;69.97;24.06;43.81;36.43;55.73;28.87;45.49;35.82;71.45;28.63;42.07;38.15;87.31;29.05;39.62;39.75;84.35;29.87;44.02;36.26;53.41;28.85;6.0;4.0;4.0;25.76;0.0;43.08;8.86;55.88;45;
102;14;5;64468;1.9;1;47;44.0;71.0;125.0;53.83;58.55;55.55;205.83;475.37;19:40;20:45;65.51;;;69.99;24.06;44.14;36.22;52.51;28.81;45.56;35.71;71.91;28.49;42.31;38.07;87.77;29.01;39.47;39.92;89.99;30.07;43.49;36.6;53.25;28.91;3.0;3.0;4.0;26.29;0.0;33.75;8.22;49.05;35;
103;14;6;64475;1.9;1;48;42.0;72.0;131.0;54.01;57.53;56.57;206.66;468.22;27:33;28:43;70.44;;;70.0;24.08;43.62;36.54;52.25;28.93;45.68;35.69;71.51;28.73;42.39;37.94;87.65;29.15;39.05;40.41;93.79;30.07;42.7;37.3;54.27;29.15;3.0;3.0;1.0;29.64;0.0;26.51;8.68;49.62;48;
104;14;7;64482;1.9;1;49;40.0;73.0;124.0;54.07;58.89;56.31;205.23;495.53;35:20;36:31;70.78;;;69.98;24.12;42.82;37.24;53.37;29.17;44.88;36.22;71.61;28.91;42.23;38.0;89.83;29.21;37.58;41.45;84.91;29.83;41.43;38.05;54.01;28.85;8.0;3.0;3.0;21.86;0.02;36.99;8.03;44.59;43;
105;15;0;64521;1.90;1;55;0.00;48.00;113.00;53.57;69.65;56.35;187.97;490.18;;;;;;69.26;24.12;44.43;35.94;38.69;28.55;;;;;;;;;;;;;45.21;35.33;54.05;28.49;11.00;6.00;11.00;0.00;0.00;0.00;;;X;
106;15;1;64528;1.90;1;56;0.00;48.00;133.00;55.61;69.77;56.87;174.03;442.52;;;;;;69.30;24.06;45.29;35.30;54.67;28.49;;;;;;;;;;;;;42.36;37.16;54.57;28.93;5.00;2.00;7.00;27.83;0.00;37.41;;;X;
107;15;2;64535;1.90;1;57;0.00;48.00;136.00;53.31;67.91;56.29;166.07;457.58;;;;;;69.14;24.14;42.47;37.07;54.19;28.91;;;;;;;;;;;;;41.23;37.94;53.99;28.53;4.00;6.00;9.00;18.09;0.00;20.67;;;X;
108;15;3;64542;1.90;1;58;0.00;48.00;127.00;59.29;66.99;56.81;193.69;496.93;;;;;;69.10;24.14;41.34;37.86;53.37;28.55;;;;;;;;;;;;;39.91;38.85;54.51;28.85;10.00;4.00;11.00;0.00;0.00;46.27;;;X;
109;15;4;64549;1.90;1;59;0.00;48.00;110.00;61.79;66.11;56.49;191.42;434.57;;;;;;69.09;24.12;39.97;38.85;53.79;28.79;;;;;;;;;;;;;38.00;34.35;54.19;25.25;7.00;5.00;1.00;10.74;0.00;12.01;;;X;
110;15;5;64556;1.90;1;60;0.00;48.00;116.00;62.27;65.19;56.27;191.48;493.87;;;;;;61.93;21.19;38.02;34.31;54.71;25.25;;;;;;;;;;;;;37.12;34.33;53.97;25.29;11.00;6.00;11.00;0.00;0.00;0.00;;;X;
111;15;6;64563;1.90;1;61;0.00;48.00;104.00;64.49;65.07;56.37;197.32;399.04;;;;;;59.89;21.09;37.15;34.33;55.05;25.31;;;;;;;;;;;;;37.46;33.90;54.07;25.25;1.00;1.00;1.00;1.21;1.22;23.00;;;X;
112;15;7;64570;1.90;1;62;0.00;48.00;95.00;66.87;67.97;55.81;210.28;401.23;;;;;;60.16;20.81;37.50;33.84;54.71;25.29;;;;;;;;;;;;;41.21;31.18;53.51;24.87;1.00;1.00;1.00;35.98;46.23;13.93;;;X;
113;15;8;64577;1.90;1;63;0.00;48.00;254.00;69.55;69.27;57.97;136.74;452.36;;;;;;62.21;20.26;41.24;31.18;53.35;24.91;;;;;;;;;;;;;45.56;27.50;55.67;28.95;1.00;1.00;1.00;1.09;1.08;1.09;;;X;
115;16;0;64586;1.90;1;65;0.00;50.00;150.00;52.19;68.81;54.83;220.89;634.62;;;;;;63.88;19.82;57.95;22.37;29.51;23.79;;;;;;;;;;;;;39.29;32.42;52.53;24.67;11.00;5.00;11.00;;;;;;X;
116;16;1;64599;1.90;1;66;0.00;50.00;97.00;51.79;65.85;56.67;171.46;376.25;;;;;;61.44;20.22;39.35;32.37;51.19;24.61;;;;;;;;;;;;;36.52;33.88;54.37;24.43;3.00;2.00;1.00;18.24;1.33;17.67;;;X;
117;16;2;64606;1.90;1;67;0.00;50.00;119.00;52.57;64.83;56.71;166.31;451.11;;;;;;61.05;20.16;36.61;33.86;53.63;24.43;;;;;;;;;;;;;36.83;33.50;54.41;24.89;8.00;3.00;11.00;15.30;0.00;28.88;;;X;
118;16;3;64614;1.90;1;68;0.00;50.00;112.00;55.09;64.19;56.53;159.45;446.01;;;;;;59.35;20.35;36.89;33.46;53.91;24.87;;;;;;;;;;;;;35.77;34.67;54.23;24.27;8.00;5.00;11.00;10.16;0.03;25.92;;;X;
119;16;4;64621;1.90;1;69;0.00;50.00;94.00;53.51;63.27;55.63;158.50;357.65;;;;;;62.81;19.77;35.81;34.63;56.27;24.29;;;;;;;;;;;;;35.75;34.43;53.33;23.81;3.00;1.00;1.00;17.21;5.64;14.65;;;X;
120;16;5;64628;1.90;1;70;0.00;50.00;119.00;60.31;62.03;56.15;187.80;471.41;;;;;;60.24;20.18;35.80;34.41;54.55;23.73;;;;;;;;;;;;;36.38;34.99;53.85;23.89;11.00;1.00;10.00;0.41;8.49;27.63;;;X;
121;16;6;64635;1.90;1;71;0.00;50.00;106.00;60.83;62.25;56.01;188.52;425.12;;;;;;64.48;19.73;36.42;34.94;55.23;23.91;;;;;;;;;;;;;36.50;34.84;53.71;23.93;9.00;1.00;2.00;10.85;0.10;7.45;;;X;
122;16;7;64642;1.90;1;72;0.00;50.00;3363.00;63.33;64.95;58.11;199.62;3694.98;;;;;;64.25;19.82;36.55;34.78;55.29;23.93;;;;;;;;;;;;;43.36;27.59;55.81;28.51;2.00;5.00;7.00;20.40;0.05;14.76;;;X;
123;17;0;64676;1.80;1;0;0.00;71.00;81.00;52.03;70.15;54.11;409.28;602.15;16:54;17:53;58.38;46.41;33.79;59.30;20.05;0.00;-45.00;24.51;24.07;59.96;29.63;60.93;25.01;57.53;33.16;75.11;26.53;;;;;49.55;35.13;51.81;26.79;1.00;3.00;3.00;18.08;0.00;14.86;;;20;
124;17;1;64683;1.80;1;1;0.00;71.00;86.00;51.39;71.43;53.55;214.96;458.55;23:36;24:36;59.19;45.47;33.66;58.12;22.49;49.56;35.09;51.49;26.85;49.05;33.71;59.91;27.03;47.62;36.09;72.33;27.91;;;;;42.39;36.22;51.25;27.23;4.00;3.00;11.00;22.49;4.19;0.43;;;25;
125;17;2;64692;1.80;1;1;0.00;71.00;90.00;50.59;71.19;53.81;234.98;482.70;34:45;35:52;67.45;62.19;58.64;57.74;22.62;42.39;36.18;50.79;29.51;43.70;32.71;60.15;26.85;42.27;35.75;72.83;27.89;;;;;38.70;36.75;51.51;27.41;5.00;1.00;4.00;27.01;9.25;7.55;;;35;
126;17;3;64701;1.80;1;2;0.00;71.00;84.00;50.51;70.09;53.99;212.18;457.81;42:39;43:30;50.84;52.71;32.55;57.17;22.66;38.75;36.69;50.95;27.41;39.52;35.37;62.75;27.43;38.70;37.60;71.97;28.37;;;;;36.69;37.09;51.69;27.57;8.00;1.00;11.00;30.80;21.59;4.21;;;25;
127;17;4;64708;1.80;1;4;0.00;66.00;85.00;52.99;64.37;53.93;196.14;399.34;50:14;51:24;70.45;46.37;50.82;58.12;22.78;36.71;37.07;53.01;27.57;37.71;35.45;60.61;27.53;36.92;37.96;75.25;28.33;;;;;35.63;37.34;51.63;27.87;4.00;2.00;4.00;21.48;0.00;22.23;;;X;
128;17;5;64715;1.80;1;5;0.00;66.00;92.00;51.73;66.05;54.25;202.28;393.35;56:57;58:22;84.68;48.76;67.44;56.56;22.83;35.64;37.32;51.61;27.89;36.92;35.67;60.91;27.95;36.08;38.22;76.27;28.93;;;;;34.98;37.60;51.95;27.99;1.00;1.00;1.00;23.53;0.00;18.97;;;X;
;17;6;64722;1.80;1;6;0.00;66.00;27426.00;57.13;64.03;71.59;175.11;328.52;;;;;;56.22;22.93;35.02;37.56;52.23;27.95;;;;;;;;;;;;;34.03;39.53;69.29;28.53;;;;;;;;;X;
;17;7;64723;1.80;1;7;0.00;61.00;1755837002.00;71.07;78.65;75.25;65.54;;08:06;08:07;1.32;1.40;-58.28;55.17;23.02;34.02;39.51;69.57;28.45;33.66;40.03;77.21;28.79;33.66;40.03;77.17;28.79;;;;;33.45;40.19;72.95;29.09;;;;;;;;;X;
131;18;0;64676;1.80;1;0;0.00;71.00;81.00;52.03;70.15;54.11;409.28;602.15;16:54;17:53;58.38;46.41;33.79;59.30;20.05;0.00;-45.00;24.51;24.07;59.96;29.63;60.93;25.01;57.53;33.16;75.11;26.53;;;;;49.55;35.13;51.81;26.79;1.00;3.00;3.00;18.08;0.00;14.86;;;40;
132;18;1;64683;1.80;1;1;0.00;71.00;86.00;51.39;71.43;53.55;214.96;458.55;23:36;24:36;59.19;45.47;33.66;58.12;22.49;49.56;35.09;51.49;26.85;49.05;33.71;59.91;27.03;47.62;36.09;72.33;27.91;;;;;42.39;36.22;51.25;27.23;4.00;3.00;11.00;22.49;4.19;0.43;;;X;
133;18;2;64692;1.80;1;1;0.00;71.00;90.00;50.59;71.19;53.81;234.98;482.70;34:45;35:52;67.45;62.19;58.64;57.74;22.62;42.39;36.18;50.79;29.51;43.70;32.71;60.15;26.85;42.27;35.75;72.83;27.89;;;;;38.70;36.75;51.51;27.41;5.00;1.00;4.00;27.01;9.25;7.55;;;X;
134;18;3;64701;1.80;1;2;0.00;71.00;84.00;50.51;70.09;53.99;212.18;457.81;42:39;43:30;50.84;52.71;32.55;57.17;22.66;38.75;36.69;50.95;27.41;39.52;35.37;62.75;27.43;38.70;37.60;71.97;28.37;;;;;36.69;37.09;51.69;27.57;8.00;1.00;11.00;30.80;21.59;4.21;;;X;
;18;4;64708;1.80;1;4;0.00;66.00;85.00;52.99;64.37;53.93;196.14;399.34;50:14;51:24;70.45;46.37;50.82;58.12;22.78;36.71;37.07;53.01;27.57;37.71;35.45;60.61;27.53;36.92;37.96;75.25;28.33;;;;;35.63;37.34;51.63;27.87;4.00;2.00;4.00;21.48;0.00;22.23;;;X;
;18;5;64715;1.80;1;5;0.00;66.00;92.00;51.73;66.05;54.25;202.28;393.35;56:57;58:22;84.68;48.76;67.44;56.56;22.83;35.64;37.32;51.61;27.89;36.92;35.67;60.91;27.95;36.08;38.22;76.27;28.93;;;;;34.98;37.60;51.95;27.99;1.00;1.00;1.00;23.53;0.00;18.97;;;X;
;18;6;64722;1.80;1;6;0.00;66.00;27426.00;57.13;64.03;71.59;175.11;328.52;;;;;;56.22;22.93;35.02;37.56;52.23;27.95;;;;;;;;;;;;;34.03;39.53;69.29;28.53;;;;;;;;;X;
;18;7;64723;1.80;1;7;0.00;61.00;1755837002.00;71.07;78.65;75.25;65.54;;08:06;08:07;1.32;1.40;-58.28;55.17;23.02;34.02;39.51;69.57;28.45;33.66;40.03;77.21;28.79;33.66;40.03;77.17;28.79;;;;;33.45;40.19;72.95;29.09;;;;;;;;;X;
139;19;0;64749;1.80;1;8;26.00;73.00;1755867383.00;52.43;55.55;54.33;277.22;639.72;50:51;52:00;68.99;68.12;64.11;54.61;23.06;33.44;40.19;25.19;26.03;47.15;31.52;58.77;26.83;44.28;35.62;73.61;28.79;;;;;37.51;37.20;52.03;29.55;1.00;1.00;1.00;20.14;0.32;8.01;;;60;
140;19;1;64759;1.80;1;9;22.00;73.00;1755867808.00;52.09;54.85;53.99;157.41;431.91;00:03;00:52;48.34;92.67;68.01;53.44;23.55;37.52;37.18;51.51;29.61;37.75;36.41;64.79;29.23;36.98;38.03;75.57;29.61;;;;;34.45;38.13;51.69;28.95;1.00;1.00;1.00;11.54;0.71;6.73;;;40;
141;19;2;64766;1.80;1;10;21.00;73.00;1755868286.00;56.27;56.75;54.49;205.18;458.63;07:31;08:38;66.80;58.05;51.84;50.62;23.70;34.48;38.11;51.37;28.93;35.43;36.47;62.09;29.05;34.59;38.66;76.93;29.49;;;;;33.22;38.00;52.19;29.41;1.00;4.00;9.00;21.60;0.00;31.40;;;55;
142;20;0;64961;1.8;1;11;23.0;73.0;78.0;50.0;53.0;54.0;292.0;496.0;15:18:18;15:19:16;58.0;20.0;5.0;43.03;22.28;47.09;23.02;23.21;23.39;43.08;30.38;57.83;25.53;40.99;33.54;69.59;26.89;37.2;36.47;74.15;27.83;35.47;35.92;51.95;27.45;6.0;1.0;5.0;13.22;4.45;19.89;8.23;39.11;60;
;20;1;64968;1.8;1;12;25.0;2.0;88.0;45.0;53.0;54.0;;377.0;11:17:36;01:57:36;52800.0;0.0;0.0;42.79;22.85;35.45;35.84;51.37;27.45;;;;;;;;;33.72;36.84;74.37;28.73;32.19;36.03;51.11;27.85;8.0;3.0;3.0;26.25;0.02;35.62;0.0;16.63;0;
144;20;2;64969;1.8;1;13;21.0;73.0;80.0;55.0;53.0;54.0;219.0;395.0;15:31:35;15:32:39;64.0;19.0;10.0;43.01;22.93;32.2;35.99;50.79;27.85;32.43;35.05;61.93;27.95;31.36;37.37;72.69;28.59;30.3;38.47;71.63;28.67;30.25;36.37;51.95;28.65;1.0;2.0;1.0;15.42;5.34;6.23;8.93;40.33;50;
145;20;3;64976;1.8;1;14;22.0;70.0;64.0;50.0;53.0;54.0;173.0;405.0;15:37:25;15:38:31;66.0;24.0;20.0;41.82;23.23;30.27;36.37;52.29;28.63;30.96;35.05;59.91;28.27;30.31;37.18;71.41;28.43;29.28;38.2;70.73;28.75;29.34;36.71;52.13;28.05;11.0;1.0;9.0;6.53;1.13;16.45;8.29;43.98;40;
146;20;4;64983;1.8;1;15;23.0;81.0;88.0;50.0;53.0;54.0;170.0;374.0;15:44:15;15:45:16;61.0;25.0;5.0;42.35;23.06;29.36;36.66;52.43;28.07;30.03;35.3;59.97;28.23;29.54;37.39;73.27;28.75;28.45;38.98;74.35;28.53;28.44;37.03;51.93;27.73;5.0;1.0;3.0;15.53;1.84;11.32;7.96;37.08;60;
147;20;5;64990;1.8;1;16;22.0;73.0;91.0;50.0;50.0;54.0;183.0;396.0;15:52:35;15:53:30;55.0;45.0;27.0;41.23;23.08;28.44;36.96;54.49;29.41;30.76;34.24;62.17;27.87;29.87;36.64;72.77;28.09;28.75;38.3;76.65;28.31;28.62;36.82;51.39;27.47;7.0;1.0;2.0;6.7;1.01;7.2;6.93;13.24;45;
148;20;6;64997;1.8;1;17;35.0;74.0;77.0;50.0;56.0;54.0;279.0;448.0;16:39:44;16:40:51;67.0;7.0;0.0;41.89;22.95;28.63;36.79;51.19;27.49;39.97;30.97;58.65;25.93;37.69;34.56;72.05;27.27;35.08;36.5;69.73;27.31;33.93;35.56;51.11;26.85;1.0;1.0;1.0;20.21;3.54;9.81;10.02;44.73;65;
149;20;7;65004;1.8;1;18;25.0;73.0;98.0;50.0;53.0;52.0;169.0;396.0;16:45:29;16:46:30;61.0;22.0;10.0;43.86;22.78;33.93;35.52;51.59;26.83;34.03;33.9;59.67;27.17;33.08;36.22;70.49;27.67;31.27;38.13;75.85;27.85;30.92;36.07;49.77;27.49;1.0;3.0;8.0;11.86;0.15;11.37;8.92;42.02;65;
150;20;8;65011;1.8;1;19;23.0;69.0;86.0;55.0;56.0;54.0;219.0;443.0;16:52:51;16:53:59;68.0;12.0;11.0;43.08;23.0;30.94;36.05;49.95;27.47;31.69;34.56;60.69;27.59;30.84;37.07;71.77;28.15;29.52;38.62;78.05;28.21;29.43;36.84;51.33;27.31;5.0;1.0;8.0;11.93;4.18;15.51;8.51;41.15;60;
151;20;9;65018;1.8;1;20;22.0;81.0;102.0;45.0;50.0;52.0;172.0;409.0;16:59:35;17:00:36;61.0;28.0;8.0;43.22;22.83;29.46;36.77;51.21;27.27;30.53;34.88;61.47;27.53;30.03;36.98;70.73;28.13;29.15;38.51;78.19;28.49;29.11;36.62;49.43;27.51;8.0;1.0;5.0;9.88;5.07;18.0;9.35;46.81;65;
152;20;10;65025;1.8;1;21;25.0;73.0;90.0;50.0;53.0;54.0;209.0;417.0;17:07:01;17:08:05;64.0;20.0;11.0;42.95;23.0;29.14;36.6;49.37;27.49;30.42;34.88;60.63;27.79;29.71;37.24;73.09;28.33;29.05;38.26;74.05;27.99;29.14;36.73;51.33;27.65;4.0;1.0;4.0;15.11;2.79;31.0;9.11;49.85;70;
153;21;0;65034;1.8;1;22;23.0;73.0;74.0;50.0;53.0;54.0;237.0;407.0;17:25:49;17:26:46;57.0;18.0;2.0;44.25;22.59;37.07;27.29;35.05;28.27;36.09;31.26;58.21;26.35;34.44;34.33;69.83;26.85;32.62;36.18;69.17;27.77;32.19;35.13;51.35;27.27;1.0;1.0;2.0;14.14;7.42;10.1;9.56;45.69;70;
154;21;1;65041;1.8;1;23;25.0;74.0;78.0;45.0;53.0;54.0;170.0;345.0;17:31:09;17:32:29;80.0;4.0;10.0;45.42;22.4;32.24;35.07;51.93;27.29;32.97;33.61;56.85;27.19;31.89;36.3;71.79;27.53;30.86;37.3;71.61;27.99;30.63;36.14;51.75;27.53;1.0;1.0;1.0;18.97;4.19;12.66;8.7;40.87;70;
155;21;2;65049;1.8;1;24;38.0;69.0;78.0;45.0;53.0;52.0;172.0;351.0;17:40:12;17:40:58;46.0;28.0;5.0;44.81;22.49;30.65;36.09;47.15;29.45;33.32;33.03;60.45;26.75;32.4;35.13;69.15;27.07;31.26;36.69;68.37;27.49;31.11;35.33;50.47;27.09;1.0;1.0;1.0;19.17;6.84;12.34;9.24;44.64;70;
156;21;3;65056;1.8;1;25;23.0;80.0;88.0;55.0;53.0;54.0;218.0;407.0;17:46:25;17:47:38;73.0;8.0;1.0;45.64;22.25;31.12;35.26;50.67;27.13;32.02;33.92;60.17;27.25;31.19;36.28;73.29;27.89;30.25;37.52;73.95;28.07;30.26;35.92;51.29;26.85;3.0;1.0;1.0;14.01;1.45;11.18;9.13;45.05;75;
157;21;4;65063;1.8;1;26;37.0;62.0;94.0;50.0;56.0;52.0;176.0;395.0;17:52:38;17:53:45;67.0;11.0;16.0;46.12;22.11;30.3;35.9;50.77;26.87;31.3;34.37;58.47;26.87;30.52;36.66;71.57;27.35;29.61;37.79;74.17;27.77;29.65;36.2;50.25;26.59;6.0;1.0;4.0;7.17;1.11;11.4;7.87;38.09;50;
158;21;5;65070;1.8;1;27;22.0;61.0;87.0;50.0;50.0;54.0;199.0;419.0;17:59:54;18:00:45;51.0;29.0;19.0;45.56;22.08;29.7;36.11;49.57;26.57;31.25;34.05;59.67;26.07;30.76;35.75;69.07;26.57;30.0;36.71;73.65;27.99;30.25;35.05;51.25;27.23;4.0;4.0;6.0;6.2;0.26;5.76;6.39;24.24;50;
159;21;6;65077;1.8;1;28;26.0;58.0;76.0;50.0;53.0;52.0;164.0;335.0;18:06:18;18:07:12;54.0;23.0;19.0;45.6;22.06;30.28;35.03;51.23;27.19;31.27;33.92;59.43;26.71;30.72;35.71;68.21;26.83;29.9;37.18;68.15;27.87;30.08;35.43;50.05;27.21;1.0;1.0;1.0;13.4;3.12;6.25;6.77;20.78;40;
160;21;7;65084;1.8;1;29;42.0;73.0;86.0;45.0;56.0;54.0;182.0;402.0;18:12:00;18:13:08;68.0;11.0;6.0;45.53;22.08;30.09;35.39;50.45;27.25;31.18;34.05;59.89;26.79;30.5;36.16;71.57;27.25;29.93;36.58;75.55;27.85;30.08;35.37;51.63;26.67;1.0;1.0;11.0;6.93;0.92;26.19;8.24;49.8;55;
161;21;8;65092;1.8;1;30;24.0;70.0;93.0;55.0;50.0;52.0;211.0;427.0;18:19:22;18:20:17;55.0;10.0;-5.0;44.97;22.19;30.09;35.37;51.29;26.67;31.31;33.95;60.69;26.71;30.84;35.62;71.03;27.39;29.96;36.84;74.01;27.71;30.2;35.09;49.95;26.63;4.0;1.0;5.0;13.39;5.31;15.61;8.25;44.53;60;
162;21;9;65100;1.8;1;31;44.0;81.0;90.0;45.0;56.0;54.0;186.0;398.0;18:25:55;18:26:51;56.0;11.0;-14.0;46.23;21.96;30.24;35.03;49.55;26.63;31.39;33.86;60.13;26.31;30.79;35.77;71.77;26.91;29.79;37.39;75.71;27.63;29.73;36.24;51.21;26.49;5.0;1.0;4.0;13.85;5.94;7.41;8.51;46.37;40;
163;21;10;65108;1.8;1;32;24.0;61.0;87.0;50.0;50.0;52.0;154.0;354.0;18:32:25;18:33:11;46.0;22.0;7.0;45.98;22.02;29.76;36.18;51.79;26.45;30.96;34.24;59.35;26.45;30.72;35.84;68.61;26.53;29.9;37.32;71.75;26.61;30.12;35.58;49.69;25.97;4.0;1.0;3.0;14.91;4.81;13.58;8.71;47.22;55;
164;22;0;65178;1.8;1;23;34.0;61.0;63.0;45.0;50.0;54.0;280.0;512.0;20:28:19;20:29:18;59.0;18.0;16.0;47.88;21.45;45.24;23.34;22.19;21.39;49.4;27.68;55.51;22.21;46.67;31.1;66.99;22.73;41.26;34.82;71.81;23.93;39.95;33.82;52.23;23.33;11.0;1.0;11.0;6.96;0.41;35.56;6.24;21.24;45;
165;22;1;65187;1.8;1;24;23.0;58.0;77.0;55.0;56.0;52.0;200.0;391.0;20:35:34;20:36:32;58.0;7.0;7.0;54.59;20.11;39.97;33.71;51.65;23.33;39.71;32.24;57.51;24.29;38.54;34.09;68.59;24.61;36.78;35.37;70.67;24.57;36.2;34.09;50.15;23.73;1.0;2.0;3.0;22.14;0.18;10.88;9.95;50.67;55;
;22;2;65197;1.8;1;25;26.0;9.0;82.0;50.0;50.0;52.0;279.0;772.0;20:59:05;20:59:38;33.0;48.0;72.0;53.4;20.2;36.21;34.01;49.91;23.75;39.09;31.16;61.99;23.81;38.51;32.12;67.65;23.97;36.17;34.58;65.99;25.31;34.6;33.75;49.85;24.93;11.0;11.0;11.0;0.0;0.0;0.0;-1.8;9.68;0;
167;22;3;65215;1.8;1;26;24.0;70.0;70.0;55.0;56.0;54.0;211.0;420.0;21:10:25;21:11:24;59.0;12.0;1.0;54.24;19.92;34.61;33.73;50.11;24.99;35.78;32.18;59.69;24.67;35.14;34.11;70.53;24.67;33.95;35.33;73.63;24.95;34.0;34.16;51.83;24.33;5.0;3.0;6.0;15.51;0.1;15.59;9.27;52.99;50;
168;22;4;65222;1.8;1;27;36.0;61.0;89.0;45.0;56.0;52.0;163.0;381.0;21:16:55;21:17:39;44.0;22.0;5.0;52.58;20.71;34.01;34.09;52.21;24.25;34.93;33.03;64.63;24.43;34.58;34.18;68.89;25.09;33.28;36.24;73.61;25.95;32.93;35.35;49.67;25.55;6.0;2.0;4.0;18.74;2.19;20.45;8.87;50.68;55;
169;22;5;65229;1.8;1;28;26.0;74.0;86.0;50.0;53.0;52.0;199.0;392.0;21:23:42;21:24:39;57.0;17.0;0.0;52.18;20.96;32.95;35.33;48.97;25.57;34.31;33.46;58.35;25.67;33.81;35.03;68.35;26.03;32.85;36.35;71.39;26.25;32.91;34.88;49.73;25.63;4.0;2.0;1.0;16.68;0.97;15.16;9.0;49.55;65;
170;22;6;65236;1.8;1;29;31.0;57.0;88.0;50.0;53.0;54.0;161.0;386.0;21:29:44;21:30:36;52.0;17.0;12.0;52.54;21.11;32.94;34.88;50.13;25.67;34.06;33.67;58.45;25.59;33.5;35.33;68.81;25.79;32.29;37.28;75.35;26.63;31.97;36.39;51.05;25.89;7.0;1.0;7.0;7.47;2.98;13.4;6.03;20.88;30;
171;22;7;65243;1.8;1;30;27.0;80.0;86.0;45.0;53.0;54.0;179.0;394.0;21:36:10;21:37:23;73.0;18.0;11.0;52.43;21.24;31.98;36.35;51.01;25.87;33.05;34.67;59.09;25.87;32.59;36.47;73.11;26.31;31.68;37.77;76.11;27.61;31.58;36.54;51.99;27.05;8.0;1.0;2.0;11.41;5.84;7.94;9.88;49.79;45;
172;22;8;65250;1.8;1;31;23.0;61.0;79.0;55.0;50.0;54.0;212.0;393.0;21:43:25;21:44:31;66.0;7.0;12.0;52.71;21.26;31.61;36.47;51.63;27.07;33.03;34.41;59.23;26.95;32.44;36.39;71.21;26.51;31.76;37.28;72.47;27.29;31.85;36.05;51.07;26.65;1.0;3.0;1.0;15.95;0.65;14.95;9.35;49.98;55;
173;22;9;65257;1.8;1;32;41.0;69.0;98.0;50.0;56.0;52.0;171.0;397.0;21:49:23;21:50:26;63.0;6.0;0.0;52.41;21.28;31.88;36.03;51.79;26.67;33.06;34.28;58.43;26.53;32.55;36.22;70.29;26.87;31.72;37.56;75.37;27.87;31.76;36.24;49.93;27.15;1.0;1.0;9.0;10.06;2.4;23.97;8.61;43.88;70;
174;22;10;65264;1.8;1;33;23.0;74.0;71.0;45.0;50.0;54.0;157.0;333.0;21:55:50;21:56:53;63.0;11.0;0.0;52.92;21.28;31.78;36.24;50.37;27.15;33.03;34.24;54.99;26.87;32.94;35.45;67.33;26.45;31.89;37.62;69.03;26.73;31.83;36.54;51.21;25.85;3.0;1.0;1.0;19.75;9.8;14.15;9.69;52.38;60;
175;;;;;;;;;;;;;;;;;;;;;;;;;;;;;;;;;;;;;;;;;;;;;;;;;;;
176;;;;;;;;;;;;;;;;;;;;;;;;;;;;;;;;;;;;;;;;;;;;;;;;;;;
177;;;;;;;;;;;;;;;;;;;;;;;;;;;;;;;;;;;;;;;;;;;;;;;;;;;
178;;;;;;;;;;;;;;;;;;;;;;;;;;;;;;;;;;;;;;;;;;;;;;;;;;;
179;;;;;;;;;;;;;;;;;;;;;;;;;;;;;;;;;;;;;;;;;;;;;;;;;;;
180;;;;;;;;;;;;;;;;;;;;;;;;;;;;;;;;;;;;;;;;;;;;;;;;;;;
181;;;;;;;;;;;;;;;;;;;;;;;;;;;;;;;;;;;;;;;;;;;;;;;;;;;
182;;;;;;;;;;;;;;;;;;;;;;;;;;;;;;;;;;;;;;;;;;;;;;;;;;;
183;;;;;;;;;;;;;;;;;;;;;;;;;;;;;;;;;;;;;;;;;;;;;;;;;;;
184;;;;;;;;;;;;;;;;;;;;;;;;;;;;;;;;;;;;;;;;;;;;;;;;;;;
185;;;;;;;;;;;;;;;;;;;;;;;;;;;;;;;;;;;;;;;;;;;;;;;;;;;
186;;;;;;;;;;;;;;;;;;;;;;;;;;;;;;;;;;;;;;;;;;;;;;;;;;;
187;;;;;;;;;;;;;;;;;;;;;;;;;;;;;;;;;;;;;;;;;;;;;;;;;;;
188;;;;;;;;;;;;;;;;;;;;;;;;;;;;;;;;;;;;;;;;;;;;;;;;;;;
189;;;;;;;;;;;;;;;;;;;;;;;;;;;;;;;;;;;;;;;;;;;;;;;;;;;
190;;;;;;;;;;;;;;;;;;;;;;;;;;;;;;;;;;;;;;;;;;;;;;;;;;;
191;;;;;;;;;;;;;;;;;;;;;;;;;;;;;;;;;;;;;;;;;;;;;;;;;;;
192;;;;;;;;;;;;;;;;;;;;;;;;;;;;;;;;;;;;;;;;;;;;;;;;;;;
193;;;;;;;;;;;;;;;;;;;;;;;;;;;;;;;;;;;;;;;;;;;;;;;;;;;
194;;;;;;;;;;;;;;;;;;;;;;;;;;;;;;;;;;;;;;;;;;;;;;;;;;;
195;;;;;;;;;;;;;;;;;;;;;;;;;;;;;;;;;;;;;;;;;;;;;;;;;;;
196;;;;;;;;;;;;;;;;;;;;;;;;;;;;;;;;;;;;;;;;;;;;;;;;;;;